{"cameraMode":{"drawMode":0,"name":"Shaded","section":"Shading Mode"},"sceneLighting":true,"audioPlay":false,"sceneViewState":{"showFog":true,"showMaterialUpdate":false,"showSkybox":true,"showFlares":true,"showImageEffects":true,"showParticleSystems":true},"in2DMode":false,"pivot":{"x":1.5399315357208253,"y":1.345970630645752,"z":-2.2691915035247804},"rotation":{"x":-0.10273771733045578,"y":0.8890319466590881,"z":-0.24490788578987122,"w":-0.3729448616504669},"size":12.361186027526856,"orthographic":false}